<?xml version="1.0" encoding="utf-8" standalone="yes" ?>
<Window size="240,200" sizebox="4,4,6,6" caption="0,0,0,80">
    <Font name="宋体" size="16" bold="false" italic="false" />
    <Default name="VScrollBar" value="width=&quot;18&quot; button1normalimage=&quot;file='0.png' source='0,0,18,18' mask='#FFFF00FF'&quot; button2normalimage=&quot;file='0.png' source='18,0,36,18' mask='#FFFF00FF'&quot; thumbnormalimage=&quot;file='0.png' source='36,0,54,18' corner='1,1,1,1' mask='#FFFF00FF'&quot; railnormalimage=&quot; file='0.png' source='54,0,72,18' corner='1,1,1,1' mask='#FFFF00FF'&quot; bknormalimage=&quot;file='0.png' source='72,0,90,18' corner='1,1,1,1' mask='#FFFF00FF'&quot; " />
    <VerticalLayout bordercolor="#FF00A2D7" inset="1,1,1,1">
        <VerticalLayout width="240" height="80" bkimage="1.png">
            <Button name="closebutton" float="true" pos="213,9,233,29" bkimage="file='2.png' source='55,0,74,20'" />
        </VerticalLayout>
		<VerticalLayout width="240" height="74" bkcolor="#FFFFFFFF">
			<HorizontalLayout width="240" height="46">
				<Label float="true" text="新建分组" pos="8,8,78,38" textcolor="#FF969696" font="0" />
				<Edit name="groupname" float="true" pos="86,8,232,38" bkcolor="#FFEEEEEE" nativebkcolor="#FFEEEEEE" textpadding="0,0,0,0" textcolor="#FF969696" font="0" />
			</HorizontalLayout>
		</VerticalLayout>
		<VerticalLayout width="240" height="46" bkimage="7.png">
            <HorizontalLayout width="240" height="46">
                <Button name="okbutton" text="确定" float="true" pos="14,8,114,38" bkcolor="#FF00BFFF" bordercolor="#FF00A2D7" textcolor="#FFFFFFFF" font="0" align="center" />
		        <Button name="cancelbutton" text="取消" float="true" pos="122,8,222,38" bkcolor="#FF00BFFF" bordercolor="#FF00A2D7" textcolor="#FFFFFFFF" font="0" align="center" />
            </HorizontalLayout>
        </VerticalLayout>
    </VerticalLayout>
</Window>
