<?xml version="1.0" encoding="utf-8" standalone="yes" ?>
<Window size="550,400" sizebox="4,4,6,6" caption="0,0,0,80">
	<Font name="宋体" size="16" bold="false" italic="false" underline="true" />
	<Font name="宋体" size="16" bold="false" italic="false" />
	<Default name="VScrollBar" value="width=&quot;18&quot; button1normalimage=&quot;file='0.png' source='0,0,18,18' mask='#FFFF00FF'&quot; button2normalimage=&quot;file='0.png' source='18,0,36,18' mask='#FFFF00FF'&quot; thumbnormalimage=&quot;file='0.png' source='36,0,54,18' corner='1,1,1,1' mask='#FFFF00FF'&quot; railnormalimage=&quot; file='0.png' source='54,0,72,18' corner='1,1,1,1' mask='#FFFF00FF'&quot; bknormalimage=&quot;file='0.png' source='72,0,90,18' corner='1,1,1,1' mask='#FFFF00FF'&quot; " />
	<VerticalLayout bordercolor="#FF00A2D7" inset="1,1,1,1">
        <VerticalLayout width="550" height="80" bkimage="1.png">
            <Button name="configurebutton" float="true" pos="468,9,488,29" bkimage="file='2.png' source='0,0,20,20'" />
            <Button name="minimizebutton" float="true" pos="496,9,516,29" bkimage="file='2.png' source='28,0,48,20'" />
            <Button name="closebutton" float="true" pos="523,9,543,29" bkimage="file='2.png' source='55,0,74,20'" />
        </VerticalLayout>
        <VerticalLayout width="550" height="46" bkimage="3.png">
            <HorizontalLayout width="550" height="46">
                <Combo name="groupcombobox" float="true" pos="8,8,134,38" itemtextpadding="10,0,0,0" normalimage="4.png" dropboxsize="0,150" itemfont="1" itemtextcolor="#FF969696" itemselectedtextcolor="#FF969696" itemselectedbkcolor="#00000000" itemhottextcolor="#FF000000" itemhotbkcolor="#00000000" dropbox="bordersize=&quot;1&quot; bordercolor=&quot;#FF00A2D7&quot; inset=&quot;0,0,0,0&quot; " />
                <Button name="addgroupbutton" float="true" pos="147,8,177,38" bkimage="file='5.png' source='0,0,30,30'" />
                <Button name="deletegroupbutton" float="true" pos="189,8,219,38" bkimage="file='5.png' source='30,0,60,30'" />
                <Button name="applybutton" float="true" pos="512,8,542,38" bkimage="file='5.png' source='60,0,90,30'" />
            </HorizontalLayout>
        </VerticalLayout>
        <VerticalLayout width="550" height="4" bkcolor="#FFFFFFFF">
            <Progress name="progressbar" float="true" pos="0,0,550,4" fgimage="6.png" min="0" max="100" hor="true" />
        </VerticalLayout>
        <ZYListUi name="list" width="550" height="224" bkcolor="#FFFFFFFF" columns="3" vscrollbar="true" />
        <VerticalLayout width="550" height="46" bkimage="7.png">
            <HorizontalLayout width="550" height="46">
                <Button name="selectallbutton" text="全选" float="true" pos="8,9,45,32" textcolor="#FF969696" font="0" />
                <Button name="cancelallbutton" text="取消" float="true" pos="51,9,88,32" textcolor="#FF969696" font="0" />
				<Button name="removeselectedbutton" text="移除" float="true" pos="95,9,132,32" textcolor="#FF969696" font="0" />
				<Button name="importbutton" text="导入..." float="true" pos="138,9,203,32" textcolor="#FF969696" font="0" />
                <Button name="downloadbutton" float="true" pos="512,6,542,36" bkimage="file='5.png' source='90,0,120,30'" />
            </HorizontalLayout>
        </VerticalLayout>
    </VerticalLayout>
</Window>
