<?xml version="1.0" encoding="utf-8" standalone="yes" ?>
<Window size="400,400" sizebox="4,4,6,6" caption="0,0,0,80">
    <Font name="宋体" size="16" bold="false" italic="false" />
    <Default name="VScrollBar" value="width=&quot;18&quot; button1normalimage=&quot;file='0.png' source='0,0,18,18' mask='#FFFF00FF'&quot; button2normalimage=&quot;file='0.png' source='18,0,36,18' mask='#FFFF00FF'&quot; thumbnormalimage=&quot;file='0.png' source='36,0,54,18' corner='1,1,1,1' mask='#FFFF00FF'&quot; railnormalimage=&quot; file='0.png' source='54,0,72,18' corner='1,1,1,1' mask='#FFFF00FF'&quot; bknormalimage=&quot;file='0.png' source='72,0,90,18' corner='1,1,1,1' mask='#FFFF00FF'&quot; " />
    <VerticalLayout bordercolor="#FF00A2D7" inset="1,1,1,1">
        <VerticalLayout width="400" height="80" bkimage="1.png">
            <Button name="closebutton" float="true" pos="373,9,393,29" bkimage="file='2.png' source='55,0,74,20'" />
        </VerticalLayout>
		<VerticalLayout width="400" height="274" bkcolor="#FFFFFFFF" vscrollbar="true">
			<HorizontalLayout width="400" height="46">
				<Option float="true" name="autostart" pos="6,8,36,38" bkimage="file='a.png' source='30,0,60,30'" selectedimage="file='a.png' source='0,0,30,30'" />
				<Label float="true" text="开机自动启动" pos="44,8,382,38" textcolor="#FF969696" font="0" />
			</HorizontalLayout>
			<HorizontalLayout width="400" height="46">
				<Option float="true" name="minimized" pos="6,8,36,38" bkimage="file='a.png' source='30,0,60,30'" selectedimage="file='a.png' source='0,0,30,30'" />
				<Label float="true" text="启动时最小化" pos="44,8,382,38" textcolor="#FF969696" font="0" />
			</HorizontalLayout>
			<HorizontalLayout width="400" height="46">
				<Option float="true" name="autodownload" pos="6,8,36,38" bkimage="file='a.png' source='30,0,60,30'" selectedimage="file='a.png' source='0,0,30,30'" />
				<Label float="true" text="自动下载壁纸" pos="44,8,382,38" textcolor="#FF969696" font="0" />
			</HorizontalLayout>
			<HorizontalLayout width="400" height="46">
				<Option float="true" name="enabletimer" pos="6,8,36,38" bkimage="file='a.png' source='30,0,60,30'" selectedimage="file='a.png' source='0,0,30,30'" />
				<Label float="true" text="开启壁纸轮换" pos="44,8,382,38" textcolor="#FF969696" font="0" />
			</HorizontalLayout>
			<HorizontalLayout width="400" height="46">
				<Label float="true" text="轮换速度" pos="44,8,108,38" textcolor="#FF969696" font="0" />
				<Edit name="timerinterval" float="true" pos="116,8,374,38" bkcolor="#FFEEEEEE" nativebkcolor="#FFEEEEEE" textpadding="0,0,0,0" textcolor="#FF969696" font="0" />
			</HorizontalLayout>
			<HorizontalLayout width="400" height="46">
				<Label float="true" text="壁纸位置" pos="44,8,108,38" textcolor="#FF969696" font="0" />
				<Edit name="url" float="true" pos="116,8,374,38" bkcolor="#FFEEEEEE" nativebkcolor="#FFEEEEEE" textpadding="0,0,0,0" textcolor="#FF969696" font="0" />
			</HorizontalLayout>
			<HorizontalLayout width="400" height="46">
				<Label float="true" text="下载目录" pos="44,8,108,38" textcolor="#FF969696" font="0" />
				<Edit name="downloaddir" float="true" pos="116,8,344,38" bkcolor="#FFEEEEEE" nativebkcolor="#FFEEEEEE" textpadding="0,0,0,0" textcolor="#FF969696" font="0" />
				<Button name="browsebutton" float="true" pos="344,8,374,38" bkimage="c.png" />
			</HorizontalLayout>
			<HorizontalLayout width="400" height="46">
				<Label float="true" text="壁纸格式" pos="44,8,108,38" textcolor="#FF969696" font="0" />
				<Edit name="fileext" float="true" pos="116,8,374,38" bkcolor="#FFEEEEEE" nativebkcolor="#FFEEEEEE" textpadding="0,0,0,0" textcolor="#FF969696" font="0" />
			</HorizontalLayout>
			<HorizontalLayout width="400" height="46">
				<Label float="true" text="最小宽度" pos="44,8,108,38" textcolor="#FF969696" font="0" />
				<Edit name="cx" float="true" pos="116,8,374,38" bkcolor="#FFEEEEEE" nativebkcolor="#FFEEEEEE" textpadding="0,0,0,0" textcolor="#FF969696" font="0" />
			</HorizontalLayout>
			<HorizontalLayout width="400" height="46">
				<Label float="true" text="最小高度" pos="44,8,108,38" textcolor="#FF969696" font="0" />
				<Edit name="cy" float="true" pos="116,8,374,38" bkcolor="#FFEEEEEE" nativebkcolor="#FFEEEEEE" textpadding="0,0,0,0" textcolor="#FF969696" font="0" />
			</HorizontalLayout>
		</VerticalLayout>
		<VerticalLayout width="400" height="46" bkimage="7.png">
            <HorizontalLayout width="400" height="46">
                <Button name="okbutton" text="确定" float="true" pos="94,8,194,38" bkcolor="#FF00BFFF" bordercolor="#FF00A2D7" textcolor="#FFFFFFFF" font="0" align="center" />
		        <Button name="cancelbutton" text="取消" float="true" pos="202,8,302,38" bkcolor="#FF00BFFF" bordercolor="#FF00A2D7" textcolor="#FFFFFFFF" font="0" align="center" />
            </HorizontalLayout>
        </VerticalLayout>
    </VerticalLayout>
</Window>
